url,name,address,city,state,phone
https://www.fergusontaxpros.com/,Results,"10672 Kenai Spur Hwy STE 106, Kenai, AK 99611",Kenai,AK,(907) 395-4027
https://www.coghillgroup.com/,Results,"215 Fidalgo Ave # 206, Kenai, AK 99611",Kenai,AK,(907) 283-3484
https://splinternetmarketing.com/local-pros/ak/kenai/taxwright-inc/,Results,"416 Frontage Rd #100, Kenai, AK 99611",Kenai,AK,(907) 283-9461
https://akcpas.com/,Results,"189 S Binkley St #201, Soldotna, AK 99669",Soldotna,AK,(907) 262-9123
http://www.yourfidelity.org/,Results,"805 Frontage Rd #200a, Kenai, AK 99611",Kenai,AK,(907) 802-6444
http://www.fabianotax.com/,Results,"46685 Lincoln Ave, Soldotna, AK 99669",Soldotna,AK,(907) 262-7400
https://splinternetmarketing.com/local-pros/ak/kenai/peninsula-accounting-services/,Results,"10801 Kenai Spur Hwy, Kenai, AK 99611",Kenai,AK,(907) 283-2203
http://www.aurorataxes.com/,Results,"805 Frontage Rd #200a, Kenai, AK 99611",Kenai,AK,(888) 830-0324
https://savageaccountinginc.com/,Results,"36439 Edgington Rd, Soldotna, AK 99669",Soldotna,AK,(907) 953-5994
https://altrogco.com/,Results,"Blazy Mall, 44539 Sterling Hwy Ste 202, Soldotna, AK 99669",Soldotna,AK,(907) 262-7478
https://andrastenorth.com/,Results,,Kenai,AK,(907) 313-1622
https://office.jacksonhewitt.com/tax-preparation-services-locations/en/ak/kenai/10096-kenai-spur-highway/54474?utm_source=google&utm_medium=local&utm_campaign=local&utm_content=54474,Results,"10096 Kenai Spur Hwy, Kenai, AK 99611",Kenai,AK,(907) 290-5285
https://splinternetmarketing.com/local-pros/ak/kenai/clg-accounting-services/,Results,"47580 Sunflower St, Kenai, AK 99611",Kenai,AK,(907) 776-5322
http://www.907bookkeeping.com/,Results,"35477 Kenai Spur Hwy Ste 101A, Soldotna, AK 99669",Soldotna,AK,(907) 690-5292
https://www.handelonthelaw.com/united-states/alaska/kenai/attorney/shana-theiler,Results,"105 Trading Bay Rd Ste 103, Kenai, AK 99611",Kenai,AK,(907) 283-5774
https://www.highlandtaxes.com/,Results,"43335 Kalifornsky Beach Rd Suite 16A, Soldotna, AK 99669",Soldotna,AK,(907) 420-7943
https://waltersakinsurance.com/,Results,"130 S Willow St Ste 8, Kenai, AK 99611",Kenai,AK,(907) 283-5116
http://abovebeyondak.com/,Results,,Kenai,AK,(907) 740-3712
http://explorationsllc.com/,Results,"48500 Diamond M Ranch Rd, Kenai, AK 99611",Kenai,AK,(907) 690-5848
https://advisors.countryfinancial.com/usa/ak/soldotna/gary-bryson,Results,"43335 Kalifornsky Beach Rd Ste 27, Soldotna, AK 99669",Soldotna,AK,(907) 262-4231
https://www.kenaimountainsbookkeeping.com/,Results,,Kenai,AK,(907) 921-8745
https://kenaitax.com/,Results,"44332 Sterling Hwy Unit 40A, Soldotna, AK 99669",Soldotna,AK,(907) 252-6108
http://www.alaskataxprep.com/,Results,"38272 Homewood Ave, Sterling, AK 99672",Sterling,AK,(907) 262-5016
https://northernsummitfinancial.com/,Results,,Kenai,AK,(907) 630-1029
http://ninilchiktaxes.com/,Results,"19330 Sterling Hwy, Ninilchik, AK 99639",Ninilchik,AK,(907) 331-4659
https://dolifkalaw.com/,Results,"44501 Sterling Hwy Suite #202, Soldotna, AK 99669",Soldotna,AK,(907) 262-2910
https://splinternetmarketing.com/local-pros/missouri/downtown-kansas-city/css-services-llc/,Results,,Kenai,AK,(907) 283-0903
http://www.sieckbusinessservices.com/,Results,"38917 Funny River Rd, Soldotna, AK 99669",Soldotna,AK,(907) 252-6990
https://www.facebook.com/midnightsunbookkeeping,Results,"44801 Spruce Ave E, Soldotna, AK 99669",Soldotna,AK,(907) 252-7596
https://highlandtaxes.com/contact/,Results,"43335 Kalifornsky Beach Rd, Soldotna, AK 99669",Soldotna,AK,(907) 420-7943
https://local.fedex.com/en-us/ak/kenai/enaa?cmp=LOC-1001545-3-2-971-1110000-US-US-EN-YEXTLISTFEDEXSC,Results,"427 N Willow St, Kenai, AK 99611",Kenai,AK,(800) 463-3339
https://vanvleetaccounting.com/,Results,,Kenai,AK,(907) 953-0045
http://www.mclanecg.com/,Results,"38240 Kenai Spur Hwy, Soldotna, AK 99669",Soldotna,AK,(907) 283-4218
https://www.trialaskallc.com/contact-information.html,Results,"47122 Gemstone St, Kenai, AK 99611",Kenai,AK,(907) 398-3845
http://www.rikrlandvs.com/,Results,"44539 Sterling Hwy Office Suite 207, Soldotna, AK 99669",Soldotna,AK,(907) 953-4559
